have,BR000P4Y,,BR000P4Y4W!one size
have,BS000OUD,,BS000OUD14!S#BS000OUD15!M#BS000OUD16!L
have,BS000P39,,BS000P39F4!S#BS000P39F5!M#BS000P39F6!L
have,BS000P3G,,BS000P3GF4!S#BS000P3GF5!M#BS000P3GF6!L
have,BS000P3T,,BS000P3T44!S#BS000P3T45!M#BS000P3T46!L#BS000P3T47!XL#BS000P3T48!XXL
have,BS000P3U,,BS000P3U14!S#BS000P3U15!M#BS000P3U16!L#BS000P3U17!XL#BS000P3U18!XXL
have,BS000P3V,,BS000P3V54!S#BS000P3V55!M#BS000P3V56!L#BS000P3V57!XL#BS000P3V58!XXL
have,BS000P3W,,BS000P3W84!S#BS000P3W85!M#BS000P3W86!L#BS000P3W87!XL#BS000P3W88!XXL
have,BS000P4P,,BS000P4PH4!S#BS000P4PH5!M#BS000P4PH6!L
have,CT000P4M,,CT000P4M44!S#CT000P4M45!M#CT000P4M46!L
have,CT000P4N,,CT000P4N64!S#CT000P4N65!M#CT000P4N66!L
have,CT000P4O,,CT000P4OE4!S#CT000P4OE5!M#CT000P4OE6!L
have,DR000OV0,,DR000OV014!S#DR000OV015!M#DR000OV016!L#DR000OV017!XL
have,DR000OV1,,DR000OV1F4!S#DR000OV1F5!M#DR000OV1F6!L#DR000OV1F7!XL
have,DR000OV2,,DR000OV2H4!S#DR000OV2H5!M#DR000OV2H6!L
have,DR000OV3,,DR000OV364!S#DR000OV365!M#DR000OV366!L#DR000OV367!XL
have,DR000OV5,,DR000OV514!S#DR000OV515!M#DR000OV516!L#DR000OV517!XL#DR000OV518!XXL
have,DR000OV6,,DR000OV6F4!S#DR000OV6F5!M#DR000OV6F6!L#DR000OV6F7!XL#DR000OV6F8!XXL
have,DR000OV7,,DR000OV7D4!S#DR000OV7D5!M#DR000OV7D6!L
have,DR000P3C,,DR000P3C44!S#DR000P3C45!M#DR000P3C46!L
have,DR000P3D,,DR000P3DF4!S#DR000P3DF5!M#DR000P3DF6!L
have,DR000P3E,,DR000P3E54!S#DR000P3E55!M#DR000P3E56!L
have,DR000P3K,,DR000P3K44!S#DR000P3K45!M#DR000P3K46!L#DR000P3K47!XL
have,DR000P3L,,DR000P3L14!S#DR000P3L15!M#DR000P3L16!L#DR000P3L17!XL
have,DR000P3M,,DR000P3M14!S#DR000P3M15!M#DR000P3M16!L#DR000P3M17!XL
have,DR000P3O,,DR000P3O00!one size#DR000P3OB4!S#DR000P3OB5!M#DR000P3OB6!L#DR000P3OB7!XL
have,DR000P3Q,,DR000P3Q44!S#DR000P3Q45!M#DR000P3Q46!L#DR000P3Q47!XL#DR000P3Q48!XXL
have,DR000P3R,,DR000P3RH3!XS#DR000P3RH4!S#DR000P3RH5!M#DR000P3RH6!L#DR000P3RH7!XL#DR000P3RH8!XXL
have,DR000P4S,,DR000P4S44!S#DR000P4S45!M#DR000P4S46!L
have,DR000P4Z,,DR000P4ZH5!M#DR000P4ZH6!L#DR000P4ZH7!XL#DR000P4ZH8!XXL
have,DR000P50,,DR000P50H5!M#DR000P50H6!L#DR000P50H7!XL#DR000P50H8!XXL
have,DR000P51,,DR000P51H5!M#DR000P51H6!L#DR000P51H7!XL#DR000P51H8!XXL
have,JP000P3X,,JP000P3X54!S#JP000P3X55!M#JP000P3X56!L#JP000P3X57!XL#JP000P3X58!XXL
have,JP000P4R,,JP000P4R44!S#JP000P4R45!M#JP000P4R46!L
have,RP000P3H,,RP000P3H44!S#RP000P3H45!M#RP000P3H46!L#RP000P3H47!XL
have,RP000P3I,,RP000P3IH4!S#RP000P3IH5!M#RP000P3IH6!L#RP000P3IH7!XL
have,RP000P3J,,RP000P3JH4!S#RP000P3JH5!M#RP000P3JH6!L#RP000P3JH7!XL
have,RP000P3N,,RP000P3N64!S#RP000P3N65!M#RP000P3N66!L#RP000P3N67!XL
have,RP000P3P,,RP000P3P00!one size#RP000P3PB4!S#RP000P3PB5!M#RP000P3PB6!L#RP000P3PB7!XL
have,SK000P3A,,SK000P3A44!S#SK000P3A45!M#SK000P3A46!L
have,SK000P3B,,SK000P3B14!S#SK000P3B15!M#SK000P3B16!L
have,SK000P4Q,,SK000P4Q64!S#SK000P4Q65!M#SK000P4Q66!L
have,SK000P4T,,SK000P4T44!S#SK000P4T45!M#SK000P4T46!L
